{"training_accuracy":0.1002962962962963,"validation_accuracy":0.10266666666666667,"epoch":4,"_timestamp":1.7420344707575288e+09,"_runtime":233.2768287,"_step":4,"_wandb":{"runtime":233},"loss":NaN}