{"training_accuracy":0.8032037037037038,"validation_accuracy":0.8135,"epoch":4,"_timestamp":1.7421560461328502e+09,"_runtime":181.9240499,"_step":4,"_wandb":{"runtime":181},"loss":0.05988915021464399}