{"training_accuracy":0.1012037037037037,"_wandb":{"runtime":14345},"validation_accuracy":0.8714,"epoch":4,"_timestamp":1.7420044026899602e+09,"_runtime":14345.7167771,"_step":4,"loss":0.02880331005078639}