{"_runtime":1051.006092,"_step":4,"loss":0.030606069956652816,"_wandb":{"runtime":1051},"training_accuracy":0.10148148148148148,"validation_accuracy":0.8727,"epoch":4,"_timestamp":1.742011878179702e+09}