{"validation_accuracy":0.7195,"epoch":4,"_timestamp":1.7420265332338915e+09,"_runtime":149.6435138,"_step":4,"loss":0.09351492291256505,"_wandb":{"runtime":149},"training_accuracy":0.10137037037037037}