{"training_accuracy":0.10114814814814815,"validation_accuracy":0.8275,"epoch":4,"_timestamp":1.7420277249042478e+09,"_runtime":141.356488,"_step":4,"_wandb":{"runtime":141},"loss":0.053640014653238664}