{"training_accuracy":0.8358888888888889,"validation_accuracy":0.8261666666666667,"epoch":4,"_timestamp":1.7421873340172591e+09,"_wandb":{"runtime":218},"_runtime":218.3493843,"_step":4,"loss":0.04887320613845113}