{"_runtime":628.0575491,"_step":4,"loss":0.03827345994122534,"training_accuracy":0.10131481481481482,"validation_accuracy":0.855,"_wandb":{"runtime":628},"epoch":4,"_timestamp":1.7419883577723105e+09}