{"_wandb":{"runtime":195},"loss":0.030867473642305243,"training_accuracy":0.8914074074074074,"validation_accuracy":0.8786666666666667,"epoch":4,"_timestamp":1.7421871091033099e+09,"_runtime":195.9582667,"_step":4}