{"epoch":4,"_timestamp":1.7420275757775233e+09,"_runtime":446.5913603,"_step":4,"loss":NaN,"training_accuracy":0.10083333333333333,"_wandb":{"runtime":446},"validation_accuracy":0.10283333333333333}