{"_runtime":163.904068,"_step":4,"loss":NaN,"_wandb":{"runtime":163},"training_accuracy":0.09985185185185186,"validation_accuracy":0.10133333333333333,"epoch":4,"_timestamp":1.7421671902543094e+09}