{"_wandb":{"runtime":132},"validationaccuracy":0.6886666666666666,"epoch":4,"_timestamp":1.7421604559085011e+09,"_runtime":132.9317206,"_step":4,"loss":0.09843948284626869,"trainingaccuracy":0.6924259259259259}