{"_step":4,"_wandb":{"runtime":249},"loss":0.030032258759957454,"training_accuracy":0.10062962962962962,"validation_accuracy":0.8938333333333334,"epoch":4,"_timestamp":1.7420399703147676e+09,"_runtime":249.5867286}