{"epoch":4,"_timestamp":1.7419877213179038e+09,"_runtime":584.9940148,"_step":4,"loss":0.05521835240471646,"_wandb":{"runtime":585},"training_accuracy":0.10124074074074074,"validation_accuracy":0.8131}