{"_timestamp":1.74218358143739e+09,"_runtime":254.9344767,"_step":4,"loss":0.03229245982021843,"_wandb":{"runtime":254},"training_accuracy":0.8850555555555556,"validation_accuracy":0.8753333333333333,"epoch":4}