{"validationaccuracy":0.7921666666666667,"epoch":4,"_timestamp":1.7421784087339609e+09,"_runtime":199.235145,"_step":4,"loss":0.06519036985891394,"trainingaccuracy":0.7926111111111112,"_wandb":{"runtime":199}}