{"training_accuracy":0.10133333333333333,"validation_accuracy":0.6883333333333334,"epoch":4,"_timestamp":1.7420353356540196e+09,"_runtime":195.2987923,"_step":4,"_wandb":{"runtime":195},"loss":0.10421441862482947}