{"_timestamp":1.7422275468795538e+09,"_runtime":103.4141198,"_step":0,"loss":0.04685142175495444,"_wandb":{"runtime":104},"training_accuracy":0.855,"validation_accuracy":0.8516666666666667,"epoch":0}