{"_wandb":{"runtime":267},"training_accuracy":0.8631296296296296,"validation_accuracy":0.8553333333333333,"epoch":4,"_timestamp":1.742181927090433e+09,"_runtime":267.6959014,"_step":4,"loss":0.040291055129170486}