{"validation_accuracy":0.873,"epoch":4,"_timestamp":1.7420179306963656e+09,"_runtime":387.8037077,"_step":4,"_wandb":{"runtime":387},"loss":0.030120009740980586,"training_accuracy":0.10192592592592592}