{"_runtime":158.2740437,"_step":4,"loss":0.053485636069959076,"trainingaccuracy":0.8193703703703704,"validationaccuracy":0.806,"epoch":4,"_wandb":{"runtime":158},"_timestamp":1.742165958408254e+09}