{"_wandb":{"runtime":142},"_step":4,"loss":0.07892411561423703,"training_accuracy":0.747462962962963,"validation_accuracy":0.7413333333333333,"epoch":4,"_timestamp":1.742158909757518e+09,"_runtime":142.2421679}