{"validation_accuracy":0.095,"epoch":4,"_timestamp":1.742157309298513e+09,"_runtime":161.3426105,"_wandb":{"runtime":161},"_step":4,"loss":NaN,"training_accuracy":0.10055555555555555}