{"_step":4,"loss":0.044808958563830444,"training_accuracy":0.10044444444444445,"validation_accuracy":0.8397,"epoch":4,"_timestamp":1.7419893162244713e+09,"_runtime":270.7235145,"_wandb":{"runtime":270}}