{"_step":4,"loss":0.13453894594889929,"training_accuracy":0.1009074074074074,"validation_accuracy":0.5686666666666667,"epoch":4,"_wandb":{"runtime":464},"_timestamp":1.742148221363157e+09,"_runtime":464.2134017}