{"_timestamp":1.7421562595979989e+09,"_runtime":205.3918142,"_step":4,"loss":NaN,"training_accuracy":0.10055555555555555,"validation_accuracy":0.095,"_wandb":{"runtime":205},"epoch":4}