{"_runtime":162.3590511,"_step":4,"_wandb":{"runtime":162},"loss":NaN,"training_accuracy":0.09985185185185186,"validation_accuracy":0.10133333333333333,"epoch":4,"_timestamp":1.7421582913264136e+09}