{"training_accuracy":0.8505185185185186,"validation_accuracy":0.8378333333333333,"epoch":4,"_timestamp":1.7421639855345085e+09,"_wandb":{"runtime":262},"_runtime":262.8296291,"_step":4,"loss":0.04163061990326059}