{"_wandb":{"runtime":406},"training_accuracy":0.10077777777777777,"validation_accuracy":0.895,"epoch":4,"_timestamp":1.7420325434950323e+09,"_runtime":406.4781833,"_step":4,"loss":0.03001420600319583}