{"_wandb":{"runtime":832},"validation_accuracy":0.767,"epoch":4,"_timestamp":1.7419849115013115e+09,"_runtime":832.9196783,"_step":4,"loss":0.06587205865392179,"training_accuracy":0.09998148148148148}