{"epoch":4,"_timestamp":1.742163578669101e+09,"_runtime":257.9509052,"_step":4,"_wandb":{"runtime":257},"loss":0.04170698394936611,"training_accuracy":0.8506666666666667,"validation_accuracy":0.8353333333333334}