{"_wandb":{"runtime":139},"loss":0.04640682010273207,"training_accuracy":0.8435,"validation_accuracy":0.8283333333333334,"epoch":4,"_timestamp":1.7421670182828705e+09,"_runtime":139.8470837,"_step":4}