{"_runtime":181.312489,"_step":4,"loss":0.04122077834806305,"training_accuracy":0.10018518518518518,"validation_accuracy":0.8521666666666666,"epoch":4,"_wandb":{"runtime":181},"_timestamp":1.7420247562836924e+09}