{"_runtime":1824.4774063,"_step":4,"loss":0.03093230034662781,"training_accuracy":0.0997962962962963,"validation_accuracy":0.8712,"_wandb":{"runtime":1824},"epoch":4,"_timestamp":1.7420095417655723e+09}