{"validation_accuracy":0.8351666666666666,"epoch":4,"_timestamp":1.7421509082289515e+09,"_runtime":373.8909103,"_step":4,"loss":0.06260691877708632,"training_accuracy":0.0967962962962963,"_wandb":{"runtime":373}}