{"_step":4,"loss":0.040378141704698355,"training_accuracy":0.10053703703703704,"validation_accuracy":0.8586666666666667,"epoch":4,"_timestamp":1.7420287833780742e+09,"_wandb":{"runtime":245},"_runtime":245.3851347}