{"validation_accuracy":0.8704,"epoch":4,"_wandb":{"runtime":277},"_timestamp":1.7419855838580487e+09,"_runtime":277.6765408,"_step":4,"loss":0.03216503481220351,"training_accuracy":0.09851851851851852}