{"_wandb":{"runtime":683},"loss":0.027523783460979015,"training_accuracy":0.9020666666666667,"validation_accuracy":0.9086666666666666,"epoch":4,"_timestamp":1.742230298152878e+09,"_runtime":682.1471444,"_step":4}