{"training_accuracy":0.09985185185185186,"validation_accuracy":0.10133333333333333,"epoch":4,"_wandb":{"runtime":165},"_timestamp":1.7421679426313493e+09,"_runtime":165.7844347,"_step":4,"loss":NaN}