{"_wandb":{"runtime":736},"training_accuracy":0.10231481481481482,"validation_accuracy":0.8965,"epoch":4,"_timestamp":1.742032124220955e+09,"_runtime":736.8081301,"_step":4,"loss":0.028819863163758345}