{"loss":0.04476953416082926,"training_accuracy":0.847462962962963,"validation_accuracy":0.8343333333333334,"epoch":4,"_timestamp":1.7421648937420475e+09,"_wandb":{"runtime":133},"_runtime":133.9884201,"_step":4}