{"_step":4,"loss":0.03417943338687984,"training_accuracy":0.09953703703703703,"validation_accuracy":0.8675,"epoch":4,"_wandb":{"runtime":305},"_timestamp":1.7419852252268903e+09,"_runtime":305.8541125}