{"epoch":9,"_timestamp":1.7422109282236183e+09,"_runtime":1822.6537497,"_step":9,"loss":0.05487864644940131,"_wandb":{"runtime":1822},"training_accuracy":0.8090166666666667,"validation_accuracy":0.8225}