{"_wandb":{"runtime":298},"validation_accuracy":0.8018,"epoch":4,"_timestamp":1.7419896191103072e+09,"_runtime":298.0887147,"_step":4,"loss":0.060758468586752205,"training_accuracy":0.10025925925925926}