{"training_accuracy":0.09944444444444445,"validation_accuracy":0.1045,"epoch":4,"_timestamp":1.7420416054217312e+09,"_runtime":690.8785244,"_step":4,"_wandb":{"runtime":690},"loss":NaN}