{"loss":0.02783027575534995,"training_accuracy":0.9001851851851852,"validation_accuracy":0.8898333333333334,"epoch":4,"_timestamp":1.7421575837835453e+09,"_runtime":262.0968478,"_step":4,"_wandb":{"runtime":262}}