{"_step":4,"loss":NaN,"training_accuracy":0.1002037037037037,"_wandb":{"runtime":293},"validation_accuracy":0.09816666666666667,"epoch":4,"_timestamp":1.7421850881063123e+09,"_runtime":293.9271907}