{"_step":4,"loss":0.07534503317728179,"training_accuracy":0.10003703703703704,"validation_accuracy":0.7701666666666667,"epoch":4,"_timestamp":1.7421463894749346e+09,"_wandb":{"runtime":290},"_runtime":290.7544426}