{"_step":4,"_wandb":{"runtime":291},"loss":NaN,"training_accuracy":0.1002037037037037,"validation_accuracy":0.09816666666666667,"epoch":4,"_timestamp":1.742183878797854e+09,"_runtime":291.4903299}