{"training_accuracy":0.8729814814814815,"validation_accuracy":0.865,"epoch":4,"_timestamp":1.7421816528733687e+09,"_runtime":278.5157474,"_step":4,"_wandb":{"runtime":278},"loss":0.03589007207811593}