{"training_accuracy":0.9088333333333334,"validation_accuracy":0.8811666666666667,"epoch":4,"_timestamp":1.7421603158135855e+09,"_runtime":296.0819537,"_step":4,"loss":0.025841414747839273,"_wandb":{"runtime":296}}