{"training_accuracy":0.788074074074074,"_wandb":{"runtime":170},"validation_accuracy":0.7815,"epoch":4,"_timestamp":1.742168676255658e+09,"_runtime":170.4806436,"_step":4,"loss":0.06663584486226194}