{"_runtime":138.7737989,"_step":4,"loss":0.03839047257671597,"_wandb":{"runtime":138},"training_accuracy":0.1007962962962963,"validation_accuracy":0.8516666666666667,"epoch":4,"_timestamp":1.742024571530237e+09}