{"_step":4,"_wandb":{"runtime":123},"loss":0.10089274333741681,"training_accuracy":0.1000925925925926,"validation_accuracy":0.7153333333333334,"epoch":4,"_timestamp":1.7420347470016823e+09,"_runtime":123.8063764}