{"loss":0.03309883455112906,"training_accuracy":0.09887037037037037,"validation_accuracy":0.8806666666666667,"epoch":4,"_timestamp":1.7420341250758686e+09,"_wandb":{"runtime":190},"_runtime":190.130752,"_step":4}