{"loss":0.029873768718234873,"_wandb":{"runtime":395},"training_accuracy":0.1005925925925926,"validation_accuracy":0.8845,"epoch":4,"_timestamp":1.7420363199475296e+09,"_runtime":395.0663453,"_step":4}