{"trainingaccuracy":0.5646666666666667,"validationaccuracy":0.5768333333333333,"epoch":4,"_wandb":{"runtime":414},"_timestamp":1.7419775793930755e+09,"_runtime":414.0514054,"_step":4,"loss":0.13416059403506245}