{"_wandb":{"runtime":253},"validation_accuracy":0.8179,"epoch":4,"_timestamp":1.7419871199957168e+09,"_runtime":253.0596213,"_step":4,"loss":0.05312490726697114,"training_accuracy":0.10277777777777777}