{"training_accuracy":0.8389814814814814,"validation_accuracy":0.8396666666666667,"epoch":4,"_timestamp":1.7421841518075893e+09,"_runtime":267.6594478,"_wandb":{"runtime":267},"_step":4,"loss":0.04702190903301129}