{"_wandb":{"runtime":402},"training_accuracy":0.10085185185185185,"validation_accuracy":0.6371,"epoch":4,"_timestamp":1.7419887658517835e+09,"_runtime":402.7523416,"_step":4,"loss":0.1078225183310853}