{"_timestamp":1.742179151472163e+09,"_runtime":191.7810308,"_step":4,"_wandb":{"runtime":191},"loss":0.03940200320832262,"training_accuracy":0.8620740740740741,"validation_accuracy":0.857,"epoch":4}