{"validation_accuracy":0.8191666666666667,"epoch":4,"_timestamp":1.742025113628707e+09,"_runtime":353.8864365,"_step":4,"_wandb":{"runtime":353},"loss":0.05460574510643717,"training_accuracy":0.098}