{"_step":4,"loss":0.08198555612181574,"trainingaccuracy":0.7454814814814815,"validationaccuracy":0.7425,"epoch":4,"_timestamp":1.7421614721077092e+09,"_runtime":156.5921646,"_wandb":{"runtime":156}}