{"_runtime":626.876859,"_wandb":{"runtime":626},"_step":4,"loss":0.03112235294240876,"training_accuracy":0.10061111111111111,"validation_accuracy":0.8878333333333334,"epoch":4,"_timestamp":1.7420337439101446e+09}