{"training_accuracy":0.8573518518518518,"validation_accuracy":0.8463333333333334,"_wandb":{"runtime":175},"epoch":4,"_timestamp":1.7421539947442205e+09,"_runtime":175.5482464,"_step":4,"loss":0.04262468406322194}