{"_runtime":218.4184032,"_step":4,"_wandb":{"runtime":218},"loss":42.579221440564446,"training_accuracy":0.10083333333333333,"validation_accuracy":0.1015,"epoch":4,"_timestamp":1.7421441936606221e+09}