{"validationaccuracy":0.8756666666666667,"epoch":4,"_wandb":{"runtime":639},"_timestamp":1.7415942115194504e+09,"_runtime":639.9276138,"_step":4,"loss":0.0319473780745114,"trainingaccuracy":0.8858148148148148}