{"_wandb":{"runtime":276},"_runtime":276.4278127,"_step":4,"loss":NaN,"training_accuracy":0.09985185185185186,"validation_accuracy":0.10133333333333333,"epoch":4,"_timestamp":1.742167620826166e+09}