{"_timestamp":1.742186900623379e+09,"_wandb":{"runtime":650},"_runtime":650.1306382,"_step":4,"loss":NaN,"training_accuracy":0.1002037037037037,"validation_accuracy":0.09816666666666667,"epoch":4}