{"training_accuracy":0.10083333333333333,"validation_accuracy":0.09666666666666666,"epoch":4,"_timestamp":1.7420397146687117e+09,"_runtime":597.9686051,"_step":4,"_wandb":{"runtime":598},"loss":NaN}