{"loss":0.07186740274562857,"training_accuracy":0.1,"validation_accuracy":0.7226666666666667,"_wandb":{"runtime":172},"epoch":4,"_timestamp":1.7420254963692153e+09,"_runtime":171.9822574,"_step":4}