{"epoch":4,"_timestamp":1.7421647525660746e+09,"_runtime":141.342507,"_step":4,"loss":0.03030901252940535,"training_accuracy":0.8906481481481482,"validation_accuracy":0.8723333333333333,"_wandb":{"runtime":141}}