{"_wandb":{"runtime":344},"loss":0.028756438176861653,"training_accuracy":0.1,"validation_accuracy":0.8976666666666666,"epoch":4,"_timestamp":1.7420403186495218e+09,"_runtime":344.1902594,"_step":4}