{"validation_accuracy":0.7001666666666667,"epoch":4,"_timestamp":1.7421859041514006e+09,"_runtime":251.9023381,"_step":4,"loss":0.09873111684092843,"training_accuracy":0.6958888888888889,"_wandb":{"runtime":251}}