{"_runtime":252.2680331,"_step":4,"loss":0.04393271787475308,"_wandb":{"runtime":252},"training_accuracy":0.8509444444444444,"validation_accuracy":0.8455,"epoch":4,"_timestamp":1.7421827666970472e+09}