{"trainingaccuracy":0.7116851851851852,"validationaccuracy":0.72,"epoch":4,"_timestamp":1.7421529388626952e+09,"_wandb":{"runtime":136},"_runtime":136.6869583,"_step":4,"loss":0.10405347367847179}