{"loss":NaN,"training_accuracy":0.09985185185185186,"validation_accuracy":0.10133333333333333,"_wandb":{"runtime":140},"epoch":4,"_timestamp":1.742167336262479e+09,"_runtime":140.8317823,"_step":4}