{"validation_accuracy":0.10133333333333333,"epoch":4,"_timestamp":1.7421685001485798e+09,"_runtime":274.4232123,"_step":4,"_wandb":{"runtime":274},"loss":NaN,"training_accuracy":0.09985185185185186}