{"training_accuracy":0.8451666666666666,"_wandb":{"runtime":263},"validation_accuracy":0.8283333333333334,"epoch":4,"_timestamp":1.7421626218187664e+09,"_runtime":263.2295428,"_step":4,"loss":0.04237071136645734}