{"training_accuracy":0.7454074074074074,"validation_accuracy":0.7456666666666667,"epoch":4,"_wandb":{"runtime":140},"_timestamp":1.7421598428850386e+09,"_runtime":140.0967477,"_step":4,"loss":0.07820617111251436}