{"training_accuracy":0.09885185185185186,"validation_accuracy":0.7023333333333334,"epoch":4,"_timestamp":1.7420368229223926e+09,"_runtime":467.3841108,"_step":4,"loss":0.07464050499676965,"_wandb":{"runtime":467}}