{"loss":0.042519967132637136,"training_accuracy":0.8534074074074074,"_wandb":{"runtime":160},"validation_accuracy":0.8401666666666666,"epoch":4,"_timestamp":1.7421600116490006e+09,"_runtime":160.3124629,"_step":4}