{"_runtime":930.8823841,"_step":4,"loss":0.03883088521655556,"trainingaccuracy":0.8682037037037037,"validationaccuracy":0.865,"_wandb":{"runtime":930},"epoch":4,"_timestamp":1.7415898403762944e+09}