{"_runtime":1885.5667568,"_step":9,"loss":0.022708019737979285,"trainingaccuracy":0.9139814814814815,"validationaccuracy":0.8893333333333333,"epoch":9,"_wandb":{"runtime":1885},"_timestamp":1.7415961033262622e+09}