{"_wandb":{"runtime":340},"loss":0.03607416142859906,"training_accuracy":0.09944444444444445,"validation_accuracy":0.8728333333333333,"epoch":4,"_timestamp":1.7420423952955067e+09,"_runtime":340.9653743,"_step":4}