{"_runtime":259.8745899,"_wandb":{"runtime":259},"_step":4,"loss":0.038134374018534666,"trainingaccuracy":0.8691111111111111,"validationaccuracy":0.8523333333333334,"epoch":4,"_timestamp":1.7421618818507073e+09}