{"_step":4,"_wandb":{"runtime":138},"loss":0.04725198985548021,"training_accuracy":0.8374074074074074,"validation_accuracy":0.8238333333333333,"epoch":4,"_timestamp":1.742165796032252e+09,"_runtime":138.31744}