{"_runtime":158.5583061,"_step":4,"_wandb":{"runtime":158},"loss":0.043203939421717796,"trainingaccuracy":0.8482592592592593,"validationaccuracy":0.8335,"epoch":4,"_timestamp":1.742158455924059e+09}