{"_step":4,"_wandb":{"runtime":137},"loss":0.02990645342443303,"training_accuracy":0.8938148148148148,"validation_accuracy":0.875,"epoch":4,"_timestamp":1.7421616169561536e+09,"_runtime":137.7701278}