{"validationaccuracy":0.8685,"epoch":4,"_timestamp":1.7415930219090724e+09,"_runtime":474.6898094,"_step":4,"loss":0.038920689328413395,"trainingaccuracy":0.8734814814814815,"_wandb":{"runtime":474}}