{"loss":0.03440999121676274,"_wandb":{"runtime":256},"training_accuracy":0.10003703703703704,"validation_accuracy":0.8642,"epoch":4,"_timestamp":1.7419900490122387e+09,"_runtime":256.8298878,"_step":4}