{"_timestamp":1.7420405363091533e+09,"_runtime":204.4398823,"_step":4,"_wandb":{"runtime":204},"loss":30.359487004455403,"training_accuracy":0.0997037037037037,"validation_accuracy":0.10033333333333333,"epoch":4}