{"loss":0.049500010362764725,"training_accuracy":0.8305185185185185,"validation_accuracy":0.816,"epoch":4,"_wandb":{"runtime":319},"_timestamp":1.7421662836351643e+09,"_runtime":319.1685401,"_step":4}