{"_runtime":2404.9191331,"_wandb":{"runtime":2404},"_step":4,"loss":0.08056859185197236,"training_accuracy":0.09844444444444445,"validation_accuracy":0.7265,"epoch":4,"_timestamp":1.7420159571381013e+09}