{"_wandb":{"runtime":157},"loss":0.03320781729292903,"training_accuracy":0.8809259259259259,"validation_accuracy":0.869,"epoch":4,"_timestamp":1.742178573732943e+09,"_runtime":157.6175636,"_step":4}