{"_timestamp":1.7420269908951383e+09,"_runtime":146.6276928,"_step":4,"_wandb":{"runtime":146},"loss":0.04327299245543477,"training_accuracy":0.09881481481481481,"validation_accuracy":0.8535,"epoch":4}