{"_runtime":448.3298956,"_step":4,"loss":0.054729209779104976,"training_accuracy":0.09975925925925926,"validation_accuracy":0.8019,"epoch":4,"_timestamp":1.7419868590152268e+09,"_wandb":{"runtime":448}}