{"_runtime":1569.6230385,"_wandb":{"runtime":1569},"_step":4,"loss":0.053544180729318124,"training_accuracy":0.10081481481481482,"validation_accuracy":0.8108,"epoch":4,"_timestamp":1.7420175345685644e+09}