{"_step":4,"_wandb":{"runtime":208},"loss":0.08134687292878416,"training_accuracy":0.1020925925925926,"validation_accuracy":0.7541666666666667,"epoch":4,"_timestamp":1.7420407569572775e+09,"_runtime":208.1012705}