{"_runtime":367.4665843,"_step":4,"loss":0.06570754856679913,"training_accuracy":0.09888888888888889,"validation_accuracy":0.7291666666666666,"epoch":4,"_wandb":{"runtime":367},"_timestamp":1.7420282779662828e+09}