{"training_accuracy":0.8991111111111111,"_wandb":{"runtime":254},"validation_accuracy":0.8915,"epoch":4,"_timestamp":1.7421569691138427e+09,"_runtime":254.484163,"_step":4,"loss":0.02791765116973837}