{"_wandb":{"runtime":139},"loss":0.03924606130097959,"training_accuracy":0.8665185185185185,"validation_accuracy":0.8518333333333333,"epoch":4,"_timestamp":1.74216776836233e+09,"_runtime":139.3954944,"_step":4}