{"epoch":4,"_timestamp":1.7420263794749653e+09,"_runtime":185.2649873,"_wandb":{"runtime":185},"_step":4,"loss":40.599033961594294,"training_accuracy":0.10016666666666667,"validation_accuracy":0.095}