{"_runtime":256.2935351,"_step":4,"loss":0.0776307047774713,"training_accuracy":0.7559814814814815,"_wandb":{"runtime":256},"validation_accuracy":0.7603333333333333,"epoch":4,"_timestamp":1.742181369013668e+09}