{"_step":4,"loss":NaN,"training_accuracy":0.09962962962962962,"validation_accuracy":0.10333333333333333,"epoch":4,"_wandb":{"runtime":140},"_timestamp":1.7421595366248145e+09,"_runtime":140.3023273}