{"training_accuracy":0.7193703703703703,"validation_accuracy":0.7208333333333333,"epoch":4,"_timestamp":1.742179381230817e+09,"_wandb":{"runtime":217},"_runtime":217.2503071,"_step":4,"loss":0.08661276681208227}