{"training_accuracy":0.8958888888888888,"validation_accuracy":0.8785,"epoch":4,"_timestamp":1.742169366139745e+09,"_runtime":143.2685821,"_wandb":{"runtime":143},"_step":4,"loss":0.03003996688391321}