{"_timestamp":1.741983641426145e+09,"_runtime":699.9627839,"_step":4,"loss":0.13654011321300039,"training_accuracy":0.10133333333333333,"validation_accuracy":0.6529,"epoch":4,"_wandb":{"runtime":700}}