{"epoch":0,"_wandb":{"runtime":194},"_timestamp":1.742229566991374e+09,"_runtime":192.7630186,"_step":0,"loss":0.04699248904245157,"training_accuracy":0.8547166666666667,"validation_accuracy":0.8561666666666666}