{"_runtime":275.1510301,"_step":4,"loss":0.04620655304600157,"_wandb":{"runtime":275},"training_accuracy":0.8433148148148149,"validation_accuracy":0.8431666666666666,"epoch":4,"_timestamp":1.7421853707705977e+09}