{"_wandb":{"runtime":162},"validation_accuracy":0.877,"epoch":4,"_timestamp":1.7421621925727844e+09,"_runtime":162.6083296,"_step":4,"loss":0.02854243824693438,"training_accuracy":0.8992962962962963}