{"_timestamp":1.7421884535356872e+09,"_runtime":729.4698618,"_wandb":{"runtime":729},"_step":9,"loss":0.05389142112087324,"training_accuracy":0.8108148148148148,"validation_accuracy":0.7871666666666667,"epoch":9}