{"loss":15.123088634897982,"training_accuracy":0.10016666666666667,"validation_accuracy":0.095,"epoch":4,"_timestamp":1.7420261867328496e+09,"_runtime":225.6293206,"_step":4,"_wandb":{"runtime":225}}