{"_wandb":{"runtime":179},"loss":0.04460716779835694,"training_accuracy":0.8503703703703703,"validation_accuracy":0.8465,"epoch":4,"_timestamp":1.742154379566876e+09,"_runtime":179.372908,"_step":4}