{"_runtime":145.6889063,"_step":4,"loss":0.033185998835152816,"training_accuracy":0.09918518518518518,"validation_accuracy":0.8898333333333334,"epoch":4,"_wandb":{"runtime":145},"_timestamp":1.7420409070728683e+09}