{"_runtime":128.5408905,"_step":4,"_wandb":{"runtime":128},"loss":0.04620397671286646,"trainingaccuracy":0.8416111111111111,"validationaccuracy":0.8286666666666667,"epoch":4,"_timestamp":1.7421627575531058e+09}