{"training_accuracy":0.9026296296296297,"validation_accuracy":0.8881666666666667,"epoch":4,"_timestamp":1.7421580815034618e+09,"_runtime":352.2437359,"_step":4,"_wandb":{"runtime":352},"loss":0.026120690993125452}