{"_wandb":{"runtime":370},"_step":4,"loss":8.407751327716715,"training_accuracy":0.0997037037037037,"validation_accuracy":0.10033333333333333,"epoch":4,"_timestamp":1.742039093861669e+09,"_runtime":370.6486232}