{"_runtime":906.3551286,"_step":4,"_wandb":{"runtime":906},"loss":0.05919161332862691,"training_accuracy":0.09992592592592593,"validation_accuracy":0.7934,"epoch":4,"_timestamp":1.74201885102395e+09}