{"validationaccuracy":0.859,"epoch":9,"_timestamp":1.741592227869452e+09,"_runtime":1563.3366122,"_step":9,"_wandb":{"runtime":1563},"loss":0.04017465414390311,"trainingaccuracy":0.8591111111111112}