{"training_accuracy":0.10024074074074074,"validation_accuracy":0.654,"epoch":4,"_wandb":{"runtime":130},"_timestamp":1.7420425330717998e+09,"_runtime":130.2328506,"_step":4,"loss":0.13055149771998484}