{"_wandb":{"runtime":175},"loss":0.030321258722427274,"training_accuracy":0.10188888888888889,"validation_accuracy":0.8936666666666667,"epoch":4,"_timestamp":1.74202790640457e+09,"_runtime":175.7489239,"_step":4}