{"epoch":4,"_timestamp":1.7421654757301488e+09,"_runtime":140.0178287,"_step":4,"loss":NaN,"_wandb":{"runtime":140},"training_accuracy":0.09985185185185186,"validation_accuracy":0.10133333333333333}