{"loss":0.036178265161610934,"training_accuracy":0.10062962962962962,"validation_accuracy":0.8736666666666667,"epoch":4,"_timestamp":1.7421495933694994e+09,"_runtime":726.2799917,"_step":4,"_wandb":{"runtime":726}}