{"loss":0.02982909995102166,"_wandb":{"runtime":134},"training_accuracy":0.8942222222222223,"validation_accuracy":0.875,"epoch":4,"_timestamp":1.742158760512277e+09,"_runtime":134.9558332,"_step":4}