{"_step":4,"loss":0.05212473604182105,"trainingaccuracy":0.8274259259259259,"validationaccuracy":0.8115,"_wandb":{"runtime":158},"epoch":4,"_timestamp":1.7421586194971747e+09,"_runtime":158.5167207}