{"validation_accuracy":0.8648333333333333,"epoch":4,"_timestamp":1.742025954771894e+09,"_runtime":450.7188399,"_step":4,"loss":0.03978198981466076,"_wandb":{"runtime":450},"training_accuracy":0.09825925925925925}