{"_runtime":975.6462166,"_step":4,"loss":57.11382197559494,"training_accuracy":0.10064814814814815,"validation_accuracy":0.10833333333333334,"_wandb":{"runtime":975},"epoch":4,"_timestamp":1.7421475742923307e+09}