{"_runtime":136.63393,"_step":4,"loss":0.03328031353111742,"training_accuracy":0.8811666666666667,"validation_accuracy":0.862,"epoch":4,"_wandb":{"runtime":136},"_timestamp":1.7421633146852608e+09}