{"epoch":4,"_timestamp":1.742007712219153e+09,"_runtime":928.0415673,"_wandb":{"runtime":928},"_step":4,"loss":0.05725641386414048,"training_accuracy":0.10212962962962963,"validation_accuracy":0.7928}