{"validation_accuracy":0.8511666666666666,"epoch":4,"_timestamp":1.7421803678787913e+09,"_runtime":431.7563116,"_step":4,"loss":0.04201577930324296,"_wandb":{"runtime":431},"training_accuracy":0.8539814814814815}