{"validation_accuracy":0.8053333333333333,"epoch":4,"_timestamp":1.7420420500770485e+09,"_runtime":438.2317046,"_step":4,"loss":0.053925775522786386,"training_accuracy":0.09831481481481481,"_wandb":{"runtime":438}}