{"_runtime":142.3124548,"_step":4,"_wandb":{"runtime":142},"loss":0.04614201101573672,"training_accuracy":0.8418518518518519,"validation_accuracy":0.8326666666666667,"epoch":4,"_timestamp":1.7421631729909666e+09}