{"loss":0.0843123394745618,"trainingaccuracy":0.7341851851851852,"validationaccuracy":0.7281666666666666,"epoch":4,"_timestamp":1.7421668732284062e+09,"_runtime":153.4724265,"_wandb":{"runtime":153},"_step":4}