{"loss":0.050074642019486956,"training_accuracy":0.8412222222222222,"validation_accuracy":0.8415,"epoch":4,"_timestamp":1.7421567092828386e+09,"_wandb":{"runtime":290},"_runtime":290.0547111,"_step":4}