{"_timestamp":1.7421623454320745e+09,"_runtime":144.7496731,"_step":4,"loss":0.07800119724060628,"training_accuracy":0.7632962962962963,"validation_accuracy":0.7583333333333333,"_wandb":{"runtime":144},"epoch":4}