{"_runtime":167.0129715,"_step":4,"loss":NaN,"training_accuracy":0.09985185185185186,"validation_accuracy":0.10133333333333333,"epoch":4,"_wandb":{"runtime":167},"_timestamp":1.7421695392356074e+09}