{"epoch":4,"_timestamp":1.7422245564994414e+09,"_runtime":319.4523991,"_step":4,"_wandb":{"runtime":320},"loss":0.014908810082540904,"training_accuracy":0.9008148148148148,"validation_accuracy":0.8768333333333334}