{"training_accuracy":0.10064814814814815,"validation_accuracy":0.09766666666666667,"epoch":4,"_timestamp":1.742038718524789e+09,"_runtime":915.5930095,"_step":4,"_wandb":{"runtime":915},"loss":27.973117188672095}