{"loss":NaN,"training_accuracy":0.1002037037037037,"validation_accuracy":0.09816666666666667,"_wandb":{"runtime":320},"epoch":4,"_timestamp":1.7421862377050734e+09,"_runtime":320.7765558,"_step":4}