{"loss":0.030482488576673315,"_wandb":{"runtime":270},"training_accuracy":0.8955740740740741,"validation_accuracy":0.8725,"epoch":4,"_timestamp":1.7421607316816192e+09,"_runtime":270.6476665,"_step":4}