{"validation_accuracy":0.8648333333333333,"epoch":4,"_timestamp":1.7421797176839478e+09,"_runtime":329.9155308,"_step":4,"loss":0.035400503189265964,"training_accuracy":0.8736111111111111,"_wandb":{"runtime":329}}