{"loss":0.03980909904256134,"training_accuracy":0.1007962962962963,"validation_accuracy":0.867,"epoch":4,"_timestamp":1.7420583494791822e+09,"_runtime":610.8268548,"_wandb":{"runtime":612},"_step":9}