{"_step":2,"loss":0.01677770152120352,"training_accuracy":0.8915185185185185,"validation_accuracy":0.88,"epoch":2,"_wandb":{"runtime":186},"_timestamp":1.7422255783667188e+09,"_runtime":185.3606523}