{"_runtime":143.1745122,"_step":4,"loss":NaN,"training_accuracy":0.09962962962962962,"validation_accuracy":0.10333333333333333,"epoch":4,"_timestamp":1.7421642788194969e+09,"_wandb":{"runtime":143}}