{"_runtime":344.8798372,"_step":4,"loss":0.07489407574364373,"training_accuracy":0.7522592592592593,"validation_accuracy":0.7523333333333333,"epoch":4,"_timestamp":1.7421876823026187e+09,"_wandb":{"runtime":344}}