{"validationaccuracy":0.7665,"epoch":4,"_timestamp":1.7415928850596611e+09,"_runtime":643.5959624,"_step":4,"loss":0.06507025391649031,"trainingaccuracy":0.7701296296296296,"_wandb":{"runtime":643}}