{"_step":4,"_wandb":{"runtime":299},"loss":0.026023605402941543,"training_accuracy":0.908537037037037,"validation_accuracy":0.8853333333333333,"epoch":4,"_timestamp":1.7421613083126636e+09,"_runtime":299.0323774}