{"validation_accuracy":0.8493333333333334,"epoch":4,"_wandb":{"runtime":226},"_timestamp":1.7420313802419665e+09,"_runtime":226.6448047,"_step":4,"loss":0.0428590982170718,"training_accuracy":0.09833333333333333}