{"loss":0.027767415402368427,"training_accuracy":0.8992592592592593,"validation_accuracy":0.876,"epoch":4,"_timestamp":1.742161003097216e+09,"_runtime":258.9847521,"_wandb":{"runtime":258},"_step":4}