{"training_accuracy":0.8842962962962962,"validation_accuracy":0.8636666666666667,"epoch":4,"_timestamp":1.7421641285178826e+09,"_wandb":{"runtime":136},"_runtime":136.5560113,"_step":4,"loss":0.032477800739071576}