{"_wandb":{"runtime":168},"loss":0.04880509914878915,"training_accuracy":0.8186666666666667,"validation_accuracy":0.8105,"epoch":4,"_timestamp":1.7421656516212199e+09,"_runtime":168.486326,"_step":4}