{"loss":0.03827409263269006,"training_accuracy":0.09977777777777778,"validation_accuracy":0.8728333333333333,"epoch":4,"_wandb":{"runtime":630},"_timestamp":1.7421488593287003e+09,"_runtime":630.161815,"_step":4}