{"validation_accuracy":0.8661666666666666,"epoch":4,"_timestamp":1.7421692097033377e+09,"_runtime":260.3018203,"_step":4,"loss":0.03504464002826793,"training_accuracy":0.8813703703703704,"_wandb":{"runtime":260}}