{"_wandb":{"runtime":320},"validation_accuracy":0.902,"epoch":4,"_timestamp":1.7420242523355873e+09,"_runtime":320.8890054,"_step":4,"loss":0.028477992362086684,"training_accuracy":0.09874074074074074}