{"loss":0.061065606413333993,"_wandb":{"runtime":236},"training_accuracy":0.10098148148148148,"validation_accuracy":0.809,"epoch":4,"_timestamp":1.7421444511146386e+09,"_runtime":236.3760063,"_step":4}