{"loss":0.059520470726211375,"training_accuracy":0.09864814814814815,"validation_accuracy":0.7995,"epoch":4,"_timestamp":1.7420357151665983e+09,"_runtime":374.1259759,"_step":4,"_wandb":{"runtime":374}}