{"training_accuracy":0.8778333333333334,"validation_accuracy":0.8605,"epoch":4,"_timestamp":1.742164447392146e+09,"_wandb":{"runtime":163},"_runtime":163.5559633,"_step":4,"loss":0.035788004364782924}