{"_runtime":154.4611152,"_step":4,"loss":0.06415650836251328,"training_accuracy":0.09827777777777778,"_wandb":{"runtime":154},"validation_accuracy":0.7866666666666666,"epoch":4,"_timestamp":1.7420351029323533e+09}