{"loss":0.032802013921103386,"training_accuracy":0.10075925925925926,"_wandb":{"runtime":186},"validation_accuracy":0.8948333333333334,"epoch":4,"_timestamp":1.7420359160010893e+09,"_runtime":186.9531113,"_step":4}