{"validation_accuracy":0.8803333333333333,"epoch":4,"_timestamp":1.7420426940665371e+09,"_wandb":{"runtime":154},"_runtime":154.4805403,"_step":4,"loss":0.0344797776348041,"training_accuracy":0.1000925925925926}