{"training_accuracy":0.10083333333333333,"validation_accuracy":0.10283333333333333,"epoch":4,"_timestamp":1.7420268367067695e+09,"_wandb":{"runtime":299},"_runtime":298.9838187,"_step":4,"loss":NaN}