{"validation_accuracy":0.8092,"epoch":4,"_wandb":{"runtime":1688},"_timestamp":1.742006779096643e+09,"_runtime":1688.1275684,"_step":4,"loss":0.05556804276866467,"training_accuracy":0.10188888888888889}