{"_step":4,"loss":NaN,"training_accuracy":0.09985185185185186,"validation_accuracy":0.10133333333333333,"epoch":4,"_timestamp":1.742165330309205e+09,"_runtime":274.9411865,"_wandb":{"runtime":274}}