{"_wandb":{"runtime":203},"_runtime":203.562386,"_step":4,"loss":0.036204309485972676,"training_accuracy":0.8723888888888889,"validation_accuracy":0.8625,"epoch":4,"_timestamp":1.7421799286625981e+09}