{"_timestamp":1.742159054680175e+09,"_wandb":{"runtime":138},"_runtime":138.8238406,"_step":4,"loss":NaN,"training_accuracy":0.09962962962962962,"validation_accuracy":0.10333333333333333,"epoch":4}