{"training_accuracy":0.8706111111111111,"validation_accuracy":0.8546666666666667,"epoch":4,"_timestamp":1.742168943339904e+09,"_runtime":254.6156619,"_step":4,"loss":0.03661735895503866,"_wandb":{"runtime":254}}