{"loss":0.04358906694207319,"trainingaccuracy":0.8461481481481481,"validationaccuracy":0.8318333333333333,"epoch":4,"_timestamp":1.7421596947225878e+09,"_runtime":149.9721474,"_step":4,"_wandb":{"runtime":149}}