{"_step":4,"loss":0.028719990940119584,"training_accuracy":0.09994444444444445,"validation_accuracy":0.9003333333333333,"epoch":4,"_wandb":{"runtime":317},"_timestamp":1.7421447755531473e+09,"_runtime":317.9640876}