{"_step":4,"_wandb":{"runtime":249},"loss":0.031218045177092205,"training_accuracy":0.09962962962962962,"validation_accuracy":0.8856666666666667,"epoch":4,"_timestamp":1.7420285345586925e+09,"_runtime":249.0925352}