{"_wandb":{"runtime":168},"validation_accuracy":0.832,"epoch":4,"_timestamp":1.7421571417834756e+09,"_runtime":168.327164,"_step":4,"loss":0.05214023055280485,"training_accuracy":0.8230555555555555}