{"_step":4,"loss":0.015047508919565664,"training_accuracy":0.8982777777777777,"validation_accuracy":0.8793333333333333,"_wandb":{"runtime":352},"epoch":4,"_timestamp":1.7422141354869537e+09,"_runtime":351.8713474}