{"validation_accuracy":0.8753333333333333,"epoch":4,"_timestamp":1.7421646070823166e+09,"_wandb":{"runtime":154},"_runtime":154.6340742,"_step":4,"loss":0.02976062248603597,"training_accuracy":0.894}