{"validation_accuracy":0.8605,"epoch":4,"_timestamp":1.7421552372288098e+09,"_runtime":206.9112138,"_step":4,"loss":0.038856456544789815,"training_accuracy":0.8682592592592593,"_wandb":{"runtime":206}}