{"training_accuracy":0.10037037037037037,"_wandb":{"runtime":263},"validation_accuracy":0.8524,"epoch":4,"_timestamp":1.7419890384962971e+09,"_runtime":263.1770583,"_step":4,"loss":0.03925783424453015}