{"_step":4,"_wandb":{"runtime":1424},"loss":0.042231330532526666,"training_accuracy":0.09964814814814815,"validation_accuracy":0.846,"epoch":4,"_timestamp":1.7420129773305216e+09,"_runtime":1424.4225583}